OBJECTID,Attraction,LATITUDE,LONGTITUDE,ADDRESS
1,"Chinatown Heritage Centre, Singapore",1.28351,103.84435,48 Pagoda Street
2,"Thian Hock Keng Temple, Singapore",1.28094,103.84763,158 Telok Ayer Street
3,Eurasian Heritage Centre: Singapore Attraction,1.31007,103.89942,139 Ceylon Road
4,Shophouses,1.2772186,103.8373356,
5,Pinnacle@Duxton,1.27549,103.84142,1 Cantonment Road
6,Hajjah Fatimah Mosque,1.30291,103.86285,4001 Beach Road
7,Haw Par Villa: Singapore Theme Park,1.28551,103.78314,262 Pasir Panjang Road
8,NUS Baba House - Singapore Peranakan Architecture,1.27731,103.83731,157 Neil Road
9,Hong San See Temple Singapore,1.29316,103.841222,31 Mohamed Sultan Road
10,Capitol Building Singapore,1.29354,103.85157,11 Stamford Road
11,Esplanade Theatre,1.28986,103.85528,1 Esplanade Drive
12,Gardens by the Bay,1.281568,103.863613,18 Marina Gardens Drive
13,The Interlace,1.28199,103.80305,180-226 Depot Road
14,PARKROYAL on Pickering,1.285563,103.846522,3 Upper Pickering Street
15,Lasalle College of the Arts,1.3029,103.8516,1 McNally Street
16,Old Supreme Court Singapore,1.2897,103.85128,1 St Andrew's Road
17,SIT Flats Singapore,1.28351,103.8336,Seng Poh Road and Tiong Bahru Road
18,Lau Pa Sat Singapore,1.28072,103.85044,18 Raffles Quay
19,"Malay Heritage Centre, Singapore",1.30309,103.85986,85 Sultan Gate
20,Peranakan Museum Singapore: History & Culture,1.29421,103.8492,39 Armenian Street
21,Raffles Singapore,1.29579,103.85404,1 Beach Road
22,Gillman Barracks,1.2784,103.80459,9 Lock Road
23,National Museum of Singapore,1.29689,103.84883,93 Stamford Road
24,The Japanese Cemetery Park,1.36431,103.87584,825B Chuan Hoe Avenue
25,"Dalhousie Obelisk, a Singapore Landmark",1.28704,103.85238,1 Empress Place
26,Raffles Statu,1.287766,103.850845,"Raffles Landing Site , 59 Boat Quay"
27,Singapore Philatelic Museum,1.29294,103.8487,23-B Coleman Street
28,Lim Bo Seng Memorial,1.288483,103.853027,"Esplanade Park, Connaught Drive"
29,Kranji War Memorial Landmark in Singapore,1.41903,103.75749,9 Woodlands Road
30,Indian National Army (INA) Monument in Singapore,1.289954,103.854217,Esplanade Park
31,Reflections at Bukit Chandu: Singapore War Memorial,1.27954,103.79433,31-K Pepys Road
32,The Cenotaph - a Singapore War Memorial Landmark,1.290348,103.8538376,"Esplanade Park, Connaught Drive"
33,The Civilian War Memorial park in Singapore,1.293123,103.854618,Bras Basah Road & Beach Road intersection
34,Sri Veeramakaliamman Temple: Hindu Temple in Singapore,1.30779,103.85258,141 Serangoon Road
35,Maghain Aboth Synagogue,1.29821,103.85081,24/26 Waterloo Street
36,Sultan Mosque (Masjid Sultan) Singapore,1.302379,103.859171,3 Muscat Street
37,Sri Mariamman Temple: Hindu Temple in Singapore,1.28243,103.84538,244 South Bridge Road
38,Armenian Church in Singapore,1.29293,103.84966,60 Hill Street
39,CHIJMES Singapore,1.29526,103.85168,30 Victoria Street
40,St Andrewrew's Cathedral,1.29249,103.85231,11 St Andrew's Road
41,ArtScience Museum Singapore,1.28624,103.85929,6 Bayfront Ave
42,Old Ford Factory Singapore Museum,1.35232,103.76883,351 Upper Bukit Timah Road
43,Singapore Coins and Notes Museum & Museum Singapore,1.28343,103.84452,"40 Pagoda Street, Level 1"
44,Singapore City Gallery,1.27987,103.84513,"45 Maxwell Road, The URA Centre"
45,Changi Museum Singapore,1.36218,103.97403,1000 Upper Changi Road North
46,MINT Museum of Toys Singapore & Toy Museum,1.29631,103.85439,26 Seah Street
47,"Chinese Heritage Centre, Singapore",1.34379,103.68398,12 Nanyang Drive
48,Kampong Glam & Malay Culture in Singapore,1.30238,103.8595,3 Muscat Street
49,Contemporary Arts Center,1.275,103.8045,43 Malan Road
50,"The Substation, Singapore Contemporary Art Centre",1.2944,103.84934,45 Armenian Street
51,"Red Dot Design Museum, Singapore",1.27828,103.84572,"28 Maxwell Road, Red Dot Traffic"
52,Singapore Art Museum,1.297424,103.851068,71 Bras Basah Road
53,Esplanade Theatres on the Bay,1.2898,103.85528,1 Esplanade Drive
54,"National Design Centre, Singapore",1.29882,103.85351,111 Middle Road
55,Victoria Theatre Singapore,1.28837,103.851641,11 Empress Place
56,"NUS University Museum, Singapore",1.3017749,103.7726864,"50 Kent Ridge Crescent, National University of Singapore"
57,Sun Yat Sen Memorial Hall,1.32795,103.84692,12 Tai Gin Road
58,Asian Civilisations Museum & Singapore Museum,1.287384,103.851723,1 Empress Place
59,Singapore Botanic Gardens,1.31384,103.815914,1 Cluny Road
60,Singapore Zoo: Attractions & Things to Do,1.404348,103.793023,80 Mandai Lake Road
61,River Safari Singapore,1.403732,103.789423,80 Mandai Lake Road
62,Cable Car Singapore & Mount Faber,1.2713746,103.8192057,109 Mount Faber Road
63,"Night Safari, Singapore",1.402187,103.788061,80 Mandai Lake Road
64,Pulau Ubin & Singapore Islands,1.4137409,103.9592605,Pulau Ubin
65,Little India Singapore: History & Culture,1.30723,103.84982,60 Bukit Timah Road
66,"Orchard Road, Singapore: Asia's Most Famous Shopping Street",1.30429,103.83249,437 Orchard Road
67,MacRitchie Singapore & Singapore Nature Reserve,1.344843,103.822346,MacRitchie Reservoir Park
68,Gardens by the Bay,1.281568,103.863613,18 Marina Gardens Drive
69,"Civic District, Singapore",1.29324,103.85222,150 North Bridge Road
70,"HarbourFront, Singapore",1.26532,103.82057,81 Telok Blangah Road
71,"Bras Basah.Bugis, Singapore Cultural District",1.30069,103.85624,220 Victoria Street
72,SAM at 8Q & Singapore Art Museum,1.29731,103.85168,8 Queen Street
73,Jamae Mosque (Masjid Chulia) Singapore,1.28311,103.84554,218 South Bridge Road
74,Institute of Contemporary Arts Singapore,1.3029,103.8516,"LASALLE College of the Arts, 1 McNally Street"
75,Singapore Flyer,1.289299,103.863137,30 Raffles Avenue
76,Marina Bay Sands�,1.283456,103.86081,10 Bayfront Avenue
77,Marina Barrage,1.28063,103.87159,8 Marina Gardens Drive
78,Henderson Waves Bridge,1.2762425,103.8152539,Henderson Road
79,Labrador Nature Reserve,1.265833,103.801944,Labrador Villa Road
80,Marina Bay Singapore: Attractions & Things to do,1.2802848,103.856454,11 Marina Boulevard
81,"Marina Bay Sands, Singapore",1.2838785,103.85899,10 Bayfront Avenue
82,Chek Jawa,1.407866,103.96371,"Chek Jawa, Pulau Ubin"
83,"Merlion Park, Singapore: Attractions & Things to Do",1.286862,103.854552,One Fullerton
84,Marina Bay Sands� SkyPark,1.283456,103.86081,"Level 57, 10 Bayfront Avenue"
85,"Resorts World Sentosa, Singapore",1.25675,103.82033,"8 Sentosa Gateway, Sentosa Island"
86,Singapore Garden & Singapore Park,1.280569,103.817589,"Henderson Road, Mount Faber Park, Telok Blangah Hill Park"
87,Sungei Buloh,1.44672,103.730149,301 Neo Tiew Crescent
88,S.E.A. Aquarium,1.2573549,103.8194932,"8 Sentosa Gateway, Sentosa Island"
89,Singapore River: History & Culture Tours,1.28848,103.84676,10 Eu Tong Sen Street
90,Joo Chiat/Katong: Singapore Peranakan Neighbourhood,1.30589,103.90448,113 East Coast Road
91,"Sentosa Island, Singapore: Leisure & Attractions",1.24883,103.82809,33 Allanbrooke Road
92,Chinatown Singapore: History & Culture,1.2817,103.843771,2 Banda Street
93,Buddha Tooth Relic Temple & Museum in Singapore,1.28162,103.84438,288 South Bridge Road
94,National Gallery Singapore,1.290141,103.851356,1 St Andrew's Road
95,Universal Studios Singaporey,1.254042,103.823808,"8 Sentosa Gateway, Sentosa Island"
96,Singapore Science Centre,1.33295,103.735872,15 Science Centre Road
97,Fuk Tak Chi Museum & Places of Interest,1.28292,103.84887,76 Telok Ayer Street
98,Katong Antique House Singapore: Peranakan Heritage,1.30726,103.90714,208 East Coast Road
99,Chinese Garden Singapore,1.338611,103.73,1 Chinese Garden Road
100,East Coast Park Singapore,1.300784,103.912187,Along East Coast Parkway and East Coast Park Service Road
101,Fort Canning Park,1.295382,103.846509,"Bounded by Hill Street, Canning Rise, Clemenceau Avenue and River Valley Road"
102,"Kusu Island, Singapore",1.2230965,103.8605232,Kusu Island
103,"Jurong Bird Park, Singapore: Attractions & Things to Do",1.318706,103.706442,2 Jurong Hill
104,HortPark,1.279069,103.799724,33 Hyderabad Road
105,Adventure Cove Water park,1.2573388,103.8195254,"8 Sentosa Gateway, Sentosa Island"
106,Lasalle College of the Arts,1.3029,103.8516,1 McNally Street
